event_id,event_date,event_quarter,regime,target_factor,timing_factor,ois_1m_mew,ois_6m_mew,stoxx50_mew,rate_factor_for_screen,yield_response_for_screen,equity_response_for_screen,rate_factor_sign,yield_response_sign,equity_response_sign,information_effect_screen,contamination_flag,monthly_identification_window
ECB_20020103,2002-01-03,2002Q1,pre_gfc,0.3529564837399894,1.9505901534617556,2.25,0.749999999999984,0.0225673215647149,0.3529564837399894,0.749999999999984,0.0225673215647149,positive,positive,positive,possible_information_shock,True,False
ECB_20020207,2002-02-07,2002Q1,pre_gfc,0.6991584517083124,0.8067794073117406,1.49999999999997,2.49999999999999,0.730119987800393,0.6991584517083124,2.49999999999999,0.730119987800393,positive,positive,positive,possible_information_shock,True,False
ECB_20020307,2002-03-07,2002Q1,pre_gfc,-0.6352997063342241,0.5192887315459848,0.249999999999995,1.2,0.203278025648324,-0.6352997063342241,1.2,0.203278025648324,negative,positive,positive,mixed_sign_factor_yield_conflict,True,False
ECB_20020404,2002-04-04,2002Q2,pre_gfc,-0.3052268791494066,-0.9362846336878814,-0.749999999999984,-0.6999999999999669,-0.1484616645381459,-0.3052268791494066,-0.6999999999999669,-0.1484616645381459,negative,negative,negative,possible_information_shock,True,False
ECB_20020502,2002-05-02,2002Q2,pre_gfc,0.5947928918697734,2.177452475041129,1.49999999999997,4.25,-0.253706095368855,0.5947928918697734,4.25,-0.253706095368855,positive,positive,negative,possible_pure_monetary_shock,False,False
ECB_20020606,2002-06-06,2002Q2,pre_gfc,-1.959037298016685,1.000284180218159,-1.2,1.00000000000002,-0.2822306836282709,-1.959037298016685,1.00000000000002,-0.2822306836282709,negative,positive,negative,mixed_sign_factor_yield_conflict,True,False
ECB_20020704,2002-07-04,2002Q3,pre_gfc,-0.5191853999094379,-0.0406441128600204,0.0,-0.4500000000000168,-0.23717285198952,-0.5191853999094379,-0.4500000000000168,-0.23717285198952,negative,negative,negative,possible_information_shock,True,False
ECB_20020801,2002-08-01,2002Q3,pre_gfc,0.803864732420765,,1.25000000000002,-0.3000000000000109,-0.526377316919646,0.803864732420765,-0.3000000000000109,-0.526377316919646,positive,negative,negative,mixed_sign_factor_yield_conflict,True,False
ECB_20020912,2002-09-12,2002Q3,pre_gfc,-0.7787499348467716,-2.13584370027192,-0.7500000000000279,-2.25,-0.8809930088933268,-0.7787499348467716,-2.25,-0.8809930088933268,negative,negative,negative,possible_information_shock,True,False
ECB_20021010,2002-10-10,2002Q4,pre_gfc,2.7133185008849847,1.0274860909647283,2.74999999999999,2.49999999999999,-0.184623307066101,2.7133185008849847,2.49999999999999,-0.184623307066101,positive,positive,negative,possible_pure_monetary_shock,False,False
ECB_20021107,2002-11-07,2002Q4,pre_gfc,8.087307338197048,-2.1168145124255657,6.9,0.499999999999989,-1.6045496113783,8.087307338197048,0.499999999999989,-1.6045496113783,positive,positive,negative,possible_pure_monetary_shock,False,False
ECB_20021205,2002-12-05,2002Q4,pre_gfc,-5.418413772037328,-0.6486196736914874,-5.39999999999998,-2.85000000000002,-0.891277315403283,-5.418413772037328,-2.85000000000002,-0.891277315403283,negative,negative,negative,possible_information_shock,True,False
ECB_20030109,2003-01-09,2003Q1,pre_gfc,0.1041920204868622,1.741935398727004,1.50000000000001,2.0,1.23744907061862,0.1041920204868622,2.0,1.23744907061862,positive,positive,positive,possible_information_shock,True,False
ECB_20030206,2003-02-06,2003Q1,pre_gfc,1.9877341306588776,0.8245594126737406,2.30000000000001,1.39999999999998,-1.40471361424188,1.9877341306588776,1.39999999999998,-1.40471361424188,positive,positive,negative,possible_pure_monetary_shock,False,False
ECB_20030306,2003-03-06,2003Q1,pre_gfc,8.102896939467037,0.7054779238174429,8.5,1.50000000000001,-1.38558258236667,8.102896939467037,1.50000000000001,-1.38558258236667,positive,positive,negative,possible_pure_monetary_shock,False,False
ECB_20030403,2003-04-03,2003Q2,pre_gfc,2.3811998543232624,1.0965061897535608,2.99999999999998,1.30000000000003,-0.236794942893681,2.3811998543232624,1.30000000000003,-0.236794942893681,positive,positive,negative,possible_pure_monetary_shock,False,False
ECB_20030508,2003-05-08,2003Q2,pre_gfc,0.4973218427161748,2.0309080994704543,0.950000000000006,4.0,-1.12156216574055,0.4973218427161748,4.0,-1.12156216574055,positive,positive,negative,possible_pure_monetary_shock,False,False
ECB_20030605,2003-06-05,2003Q2,pre_gfc,-5.526040547613002,2.245383555669993,-2.49999999999999,-4.50000000000004,-0.937799933318395,-5.526040547613002,-4.50000000000004,-0.937799933318395,negative,negative,negative,possible_information_shock,True,False
ECB_20030710,2003-07-10,2003Q3,pre_gfc,-0.1260494276836514,1.089729912258814,0.5000000000000339,0.999999999999979,0.2565399626734959,-0.1260494276836514,0.999999999999979,0.2565399626734959,negative,positive,positive,mixed_sign_factor_yield_conflict,True,False
ECB_20030731,2003-07-31,2003Q3,pre_gfc,-0.2199768794335837,,0.0,0.249999999999995,-0.0839478119953441,-0.2199768794335837,0.249999999999995,-0.0839478119953441,negative,positive,negative,mixed_sign_factor_yield_conflict,True,False
ECB_20030904,2003-09-04,2003Q3,pre_gfc,0.023555870075862,1.190716717913575,0.249999999999995,-0.499999999999989,-0.151109047456011,0.023555870075862,-0.499999999999989,-0.151109047456011,positive,negative,negative,mixed_sign_factor_yield_conflict,True,False
ECB_20031002,2003-10-02,2003Q4,pre_gfc,0.2639256977496369,0.1507829779237285,0.550000000000006,1.24999999999997,-0.77918704616744,0.2639256977496369,1.24999999999997,-0.77918704616744,positive,positive,negative,possible_pure_monetary_shock,False,False
ECB_20031106,2003-11-06,2003Q4,pre_gfc,-0.48174485456499,0.4878454505589425,0.0500000000000167,0.5000000000000339,0.101156847360606,-0.48174485456499,0.5000000000000339,0.101156847360606,negative,positive,positive,mixed_sign_factor_yield_conflict,True,False
ECB_20031204,2003-12-04,2003Q4,pre_gfc,-0.4113889932478777,0.5734067528556273,0.2000000000000219,-1.00000000000002,-0.46528059302382,-0.4113889932478777,-1.00000000000002,-0.46528059302382,negative,negative,negative,possible_information_shock,True,False
ECB_20040108,2004-01-08,2004Q1,pre_gfc,0.3052337933757583,-0.0887660343827003,0.499999999999989,-0.5499999999999619,0.3220191627052669,0.3052337933757583,-0.5499999999999619,0.3220191627052669,positive,negative,positive,mixed_sign_factor_yield_conflict,True,False
ECB_20040205,2004-02-05,2004Q1,pre_gfc,-0.2179234856693351,-0.5079226164734298,-0.100000000000033,-0.4,-0.0822140681755456,-0.2179234856693351,-0.4,-0.0822140681755456,negative,negative,negative,possible_information_shock,True,False
ECB_20040304,2004-03-04,2004Q1,pre_gfc,2.084373875561005,1.3483786259613628,3.0,2.8999999999999706,0.246645374901266,2.084373875561005,2.8999999999999706,0.246645374901266,positive,positive,positive,possible_information_shock,True,False
ECB_20040401,2004-04-01,2004Q2,pre_gfc,2.974278690334073,2.215972390262136,3.99999999999998,6.7,-0.37845870785036,2.974278690334073,6.7,-0.37845870785036,positive,positive,negative,possible_pure_monetary_shock,False,False
ECB_20040506,2004-05-06,2004Q2,pre_gfc,-0.0801996537288778,-1.1909248571578828,0.0500000000000167,1.24999999999997,-0.3756694229513969,-0.0801996537288778,1.24999999999997,-0.3756694229513969,negative,positive,negative,mixed_sign_factor_yield_conflict,True,False
ECB_20040603,2004-06-03,2004Q2,pre_gfc,-0.8719926923924304,1.164256399955074,-0.749999999999984,-0.999999999999979,0.1636739657776329,-0.8719926923924304,-0.999999999999979,0.1636739657776329,negative,negative,positive,possible_pure_monetary_shock,False,False
ECB_20040701,2004-07-01,2004Q3,pre_gfc,-0.4515193752291986,-0.7982180503499217,0.199999999999978,-0.1500000000000059,-0.26212149850684,-0.4515193752291986,-0.1500000000000059,-0.26212149850684,negative,negative,negative,possible_information_shock,True,False
ECB_20040805,2004-08-05,2004Q3,pre_gfc,-0.3294855591589873,,-0.100000000000033,0.499999999999989,0.0559026346179437,-0.3294855591589873,0.499999999999989,0.0559026346179437,negative,positive,positive,mixed_sign_factor_yield_conflict,True,False
ECB_20040902,2004-09-02,2004Q3,pre_gfc,0.0595622325904793,0.1673560080488232,0.0,-0.800000000000001,-0.162259395543973,0.0595622325904793,-0.800000000000001,-0.162259395543973,positive,negative,negative,mixed_sign_factor_yield_conflict,True,False
ECB_20041007,2004-10-07,2004Q4,pre_gfc,-0.4346319081083223,-1.7686747148991862,-0.6250000000000089,-0.4750000000000029,-0.0609701318114553,-0.4346319081083223,-0.4750000000000029,-0.0609701318114553,negative,negative,negative,possible_information_shock,True,False
ECB_20041104,2004-11-04,2004Q4,pre_gfc,-0.4268477030420858,-0.8080418694762544,-0.499999999999989,-0.0500000000000167,-0.0772547901275012,-0.4268477030420858,-0.0500000000000167,-0.0772547901275012,negative,negative,negative,possible_information_shock,True,False
ECB_20041202,2004-12-02,2004Q4,pre_gfc,-1.3810878167580107,1.2092394637601,0.700000000000012,0.4799999999999919,-0.346588745823784,-1.3810878167580107,0.4799999999999919,-0.346588745823784,negative,positive,negative,mixed_sign_factor_yield_conflict,True,False
ECB_20050113,2005-01-13,2005Q1,pre_gfc,-0.4271083817944274,0.1685850825603645,-1.40000000000002,-2.59999999999998,0.0242332812877777,-0.4271083817944274,-2.59999999999998,0.0242332812877777,negative,negative,positive,possible_pure_monetary_shock,False,True
ECB_20050203,2005-02-03,2005Q1,pre_gfc,-0.7228922477269442,-0.3063074577106637,-0.249999999999995,-0.0500000000000167,-0.328877728129484,-0.7228922477269442,-0.0500000000000167,-0.328877728129484,negative,negative,negative,possible_information_shock,True,True
ECB_20050303,2005-03-03,2005Q1,pre_gfc,-0.3126857730243842,-0.6774697127774012,0.0,-0.649999999999995,0.169307953804854,-0.3126857730243842,-0.649999999999995,0.169307953804854,negative,negative,positive,possible_pure_monetary_shock,False,True
ECB_20050407,2005-04-07,2005Q2,pre_gfc,-0.7120665169521546,0.1458348779740232,-0.800000000000001,-1.09999999999997,-0.3131275661363729,-0.7120665169521546,-1.09999999999997,-0.3131275661363729,negative,negative,negative,possible_information_shock,True,True
ECB_20050504,2005-05-04,2005Q2,pre_gfc,-0.6012341183950993,0.0697101935301506,-0.099999999999989,0.249999999999995,0.2556634877063149,-0.6012341183950993,0.249999999999995,0.2556634877063149,negative,positive,positive,mixed_sign_factor_yield_conflict,True,True
ECB_20050602,2005-06-02,2005Q2,pre_gfc,0.3072475456705274,-0.7892763018394585,0.499999999999989,2.0,-0.143928175912933,0.3072475456705274,2.0,-0.143928175912933,positive,positive,negative,possible_pure_monetary_shock,False,True
ECB_20050707,2005-07-07,2005Q3,pre_gfc,-0.2337313221153058,0.3696259173109873,0.499999999999989,2.09999999999999,0.933380773970072,-0.2337313221153058,2.09999999999999,0.933380773970072,negative,positive,positive,mixed_sign_factor_yield_conflict,True,True
ECB_20050804,2005-08-04,2005Q3,pre_gfc,-0.3145649125319258,,0.0,0.3000000000000109,-0.0524284318734303,-0.3145649125319258,0.3000000000000109,-0.0524284318734303,negative,positive,negative,mixed_sign_factor_yield_conflict,True,True
ECB_20050901,2005-09-01,2005Q3,pre_gfc,-0.6174176468819867,0.7980955895832714,0.0,-0.3000000000000109,0.117994472816285,-0.6174176468819867,-0.3000000000000109,0.117994472816285,negative,negative,positive,possible_pure_monetary_shock,False,True
ECB_20051006,2005-10-06,2005Q4,pre_gfc,-0.3768852991483269,0.1441304599065473,0.0,-0.099999999999989,0.1968452051327669,-0.3768852991483269,-0.099999999999989,0.1968452051327669,negative,negative,positive,possible_pure_monetary_shock,False,True
ECB_20051103,2005-11-03,2005Q4,pre_gfc,-1.15955575384659,-0.7934371588672974,-1.50000000000001,-0.649999999999995,0.658218208543993,-1.15955575384659,-0.649999999999995,0.658218208543993,negative,negative,positive,possible_pure_monetary_shock,False,True
ECB_20051201,2005-12-01,2005Q4,pre_gfc,-1.1964370054335298,-0.6277855536831437,-1.29999999999999,-2.4,0.468173717201736,-1.1964370054335298,-2.4,0.468173717201736,negative,negative,positive,possible_pure_monetary_shock,False,True
ECB_20060112,2006-01-12,2006Q1,pre_gfc,-0.5439032102488222,-0.7266392847713875,-1.00000000000002,-1.85,0.115551209822584,-0.5439032102488222,-1.85,0.115551209822584,negative,negative,positive,possible_pure_monetary_shock,False,True
ECB_20060202,2006-02-02,2006Q1,pre_gfc,-1.4784787738058771,0.2035009666361903,-1.2,-0.550000000000006,0.0344480510655387,-1.4784787738058771,-0.550000000000006,0.0344480510655387,negative,negative,positive,possible_pure_monetary_shock,False,True
ECB_20060302,2006-03-02,2006Q1,pre_gfc,-0.191244349660254,-0.6303603917683749,-0.3000000000000109,0.950000000000006,-0.543618066514107,-0.191244349660254,0.950000000000006,-0.543618066514107,negative,positive,negative,mixed_sign_factor_yield_conflict,True,True
ECB_20060406,2006-04-06,2006Q2,pre_gfc,-0.8917508152683341,-8.056905596549884,-1.29999999999999,-8.9,0.317085567836806,-0.8917508152683341,-8.9,0.317085567836806,negative,negative,positive,possible_pure_monetary_shock,False,True
ECB_20060504,2006-05-04,2006Q2,pre_gfc,-2.580849168411538,0.9549467122228668,-2.09999999999999,0.350000000000028,-0.0396690769093766,-2.580849168411538,0.350000000000028,-0.0396690769093766,negative,positive,negative,mixed_sign_factor_yield_conflict,True,True
ECB_20060608,2006-06-08,2006Q2,pre_gfc,-0.9313778932765984,-2.739976035666884,-2.60000000000002,-3.14999999999999,0.590529580651022,-0.9313778932765984,-3.14999999999999,0.590529580651022,negative,negative,positive,possible_pure_monetary_shock,False,True
ECB_20060706,2006-07-06,2006Q3,pre_gfc,-1.9530356437373704,2.450086664029772,-1.05,2.4,-0.12308403961736,-1.9530356437373704,2.4,-0.12308403961736,negative,positive,negative,mixed_sign_factor_yield_conflict,True,True
ECB_20060803,2006-08-03,2006Q3,pre_gfc,0.4635770584745104,0.1640551501793188,0.999999999999979,1.45,-0.0027318821576471,0.4635770584745104,1.45,-0.0027318821576471,positive,positive,negative,possible_pure_monetary_shock,False,True
ECB_20060831,2006-08-31,2006Q3,pre_gfc,-0.5670362504734736,0.2943417406631602,-0.100000000000033,1.40000000000002,-0.016254919115255,-0.5670362504734736,1.40000000000002,-0.016254919115255,negative,positive,negative,mixed_sign_factor_yield_conflict,True,True
ECB_20061005,2006-10-05,2006Q4,pre_gfc,-0.4867923451736411,0.6251698892017347,0.0500000000000167,-0.099999999999989,0.0946219063218123,-0.4867923451736411,-0.099999999999989,0.0946219063218123,negative,negative,positive,possible_pure_monetary_shock,False,True
ECB_20061102,2006-11-02,2006Q4,pre_gfc,-1.3318624735416935,-0.0823919004540863,-1.2,-0.299999999999967,-0.900673254099615,-1.3318624735416935,-0.299999999999967,-0.900673254099615,negative,negative,negative,possible_information_shock,True,True
ECB_20061207,2006-12-07,2006Q4,pre_gfc,-0.0232724858842574,0.3186664140701954,0.3000000000000109,2.25,0.697180658989183,-0.0232724858842574,2.25,0.697180658989183,negative,positive,positive,mixed_sign_factor_yield_conflict,True,True
ECB_20070111,2007-01-11,2007Q1,pre_gfc,-0.4165756629244225,-2.58307916797776,-0.499999999999989,-3.94999999999999,0.644947006706076,-0.4165756629244225,-3.94999999999999,0.644947006706076,negative,negative,positive,possible_pure_monetary_shock,False,True
ECB_20070208,2007-02-08,2007Q1,pre_gfc,-1.051643514945904,-2.529699647518554,-0.550000000000006,1.00000000000002,-0.254627685623987,-1.051643514945904,1.00000000000002,-0.254627685623987,negative,positive,negative,mixed_sign_factor_yield_conflict,True,True
ECB_20070308,2007-03-08,2007Q1,pre_gfc,-0.3572086178286358,1.00587661424302,0.599999999999978,1.29999999999999,0.0854472550656737,-0.3572086178286358,1.29999999999999,0.0854472550656737,negative,positive,positive,mixed_sign_factor_yield_conflict,True,True
ECB_20070412,2007-04-12,2007Q2,pre_gfc,-0.2423072636576391,-0.4629079721773659,0.0,-0.3499999999999839,-0.3214999202239,-0.2423072636576391,-0.3499999999999839,-0.3214999202239,negative,negative,negative,possible_information_shock,True,True
ECB_20070510,2007-05-10,2007Q2,pre_gfc,-0.228966714104588,0.3841079986330331,0.2000000000000219,-0.4500000000000168,-0.11738420423022,-0.228966714104588,-0.4500000000000168,-0.11738420423022,negative,negative,negative,possible_information_shock,True,True
ECB_20070606,2007-06-06,2007Q2,pre_gfc,-0.4073561975708307,0.5886960624511056,0.250000000000039,-0.649999999999995,-0.1107338237508419,-0.4073561975708307,-0.649999999999995,-0.1107338237508419,negative,negative,negative,possible_information_shock,True,True
ECB_20070705,2007-07-05,2007Q3,pre_gfc,-0.306251174283157,-0.1623939038856881,-0.24999999999995,0.499999999999989,-0.120659650220034,-0.306251174283157,0.499999999999989,-0.120659650220034,negative,positive,negative,mixed_sign_factor_yield_conflict,True,True
ECB_20070802,2007-08-02,2007Q3,pre_gfc,-0.7548615929764566,,-0.3500000000000719,-0.199999999999978,-0.0510285526303277,-0.7548615929764566,-0.199999999999978,-0.0510285526303277,negative,negative,negative,possible_information_shock,True,True
ECB_20070906,2007-09-06,2007Q3,pre_gfc,-1.6962599499890498,-3.6236892573041577,-3.39999999999998,-2.55000000000001,0.5263120267525069,-1.6962599499890498,-2.55000000000001,0.5263120267525069,negative,negative,positive,possible_pure_monetary_shock,False,True
ECB_20071004,2007-10-04,2007Q4,pre_gfc,-1.3867382867277125,1.1163491600578226,-0.6350000000000299,0.499999999999989,-0.0832170679183618,-1.3867382867277125,0.499999999999989,-0.0832170679183618,negative,positive,negative,mixed_sign_factor_yield_conflict,True,True
ECB_20071108,2007-11-08,2007Q4,pre_gfc,-0.790835376688694,-0.701396124921333,-0.250000000000039,-1.90000000000001,-0.3491027769920049,-0.790835376688694,-1.90000000000001,-0.3491027769920049,negative,negative,negative,possible_information_shock,True,True
ECB_20071206,2007-12-06,2007Q4,pre_gfc,-0.2459319633036809,-0.6435374124784157,-0.4,2.20000000000002,-0.381738081675564,-0.2459319633036809,2.20000000000002,-0.381738081675564,negative,positive,negative,mixed_sign_factor_yield_conflict,True,True
ECB_20080110,2008-01-10,2008Q1,pre_gfc,-0.5803660946261604,0.7102730171448841,0.100000000000033,-0.499999999999989,-0.2956150270607689,-0.5803660946261604,-0.499999999999989,-0.2956150270607689,negative,negative,negative,possible_information_shock,True,True
ECB_20080207,2008-02-07,2008Q1,pre_gfc,0.043667497649005,-3.181121066728388,-0.999999999999979,-4.99999999999998,-0.605038240964717,0.043667497649005,-4.99999999999998,-0.605038240964717,positive,negative,negative,mixed_sign_factor_yield_conflict,True,True
ECB_20080306,2008-03-06,2008Q1,pre_gfc,-0.5943213082919927,2.840478920276999,0.3499999999999839,3.2,-0.5644706049215739,-0.5943213082919927,3.2,-0.5644706049215739,negative,positive,negative,mixed_sign_factor_yield_conflict,True,True
ECB_20080410,2008-04-10,2008Q2,pre_gfc,-0.1844591237246463,0.7402172494829173,0.199999999999978,0.100000000000033,0.0499747449866916,-0.1844591237246463,0.100000000000033,0.0499747449866916,negative,positive,positive,mixed_sign_factor_yield_conflict,True,True
ECB_20080508,2008-05-08,2008Q2,pre_gfc,-0.5144742943949154,-0.2403479081682502,-0.7000000000000559,-0.9000000000000338,-0.4253197279034279,-0.5144742943949154,-0.9000000000000338,-0.4253197279034279,negative,negative,negative,possible_information_shock,True,True
ECB_20080605,2008-06-05,2008Q2,pre_gfc,-0.4371376928911606,9.911649972808936,-0.100000000000033,15.0,-0.433983633554824,-0.4371376928911606,15.0,-0.433983633554824,negative,positive,negative,mixed_sign_factor_yield_conflict,True,True
ECB_20080703,2008-07-03,2008Q3,gfc,-1.2979839627758942,3.5040442803412923,-1.6,-7.44999999999996,1.35320062185773,-1.2979839627758942,-7.44999999999996,1.35320062185773,negative,negative,positive,possible_pure_monetary_shock,False,True
ECB_20080807,2008-08-07,2008Q3,gfc,-0.1016673009286694,2.4689682848042893,0.3000000000000109,-3.59999999999996,-0.6372700028288489,-0.1016673009286694,-3.59999999999996,-0.6372700028288489,negative,negative,negative,possible_information_shock,True,True
ECB_20080904,2008-09-04,2008Q3,gfc,-0.3790901988338649,-0.438083292493798,-0.3000000000000109,-0.499999999999989,-0.755483514443789,-0.3790901988338649,-0.499999999999989,-0.755483514443789,negative,negative,negative,possible_information_shock,True,True
ECB_20081002,2008-10-02,2008Q4,gfc,2.221918020717985,-5.863553526468637,-0.100000000000033,-5.80000000000003,-0.810760493031637,2.221918020717985,-5.80000000000003,-0.810760493031637,positive,negative,negative,mixed_sign_factor_yield_conflict,True,True
ECB_20081008,2008-10-08,2008Q4,gfc,,,-20.1,-3.2,1.82643328591379,,-3.2,1.82643328591379,missing,negative,positive,possible_pure_monetary_shock,False,True
ECB_20081106,2008-11-06,2008Q4,gfc,,,14.2,16.6,-1.30428193491552,,16.6,-1.30428193491552,missing,positive,negative,possible_pure_monetary_shock,False,True
ECB_20081204,2008-12-04,2008Q4,gfc,3.3012671489551697,0.5732667779269244,2.95000000000001,5.50000000000002,-1.47784599256786,3.3012671489551697,5.50000000000002,-1.47784599256786,positive,positive,negative,possible_pure_monetary_shock,False,True
ECB_20090115,2009-01-15,2009Q1,gfc,-7.271856164270845,6.557912928599522,-3.50000000000001,-1.0,-0.571526476159256,-7.271856164270845,-1.0,-0.571526476159256,negative,negative,negative,possible_information_shock,True,True
ECB_20090205,2009-02-05,2009Q1,gfc,-0.0592748739692981,-4.624131687783626,-1.15000000000001,-5.5,-0.458091676403427,-0.0592748739692981,-5.5,-0.458091676403427,negative,negative,negative,possible_information_shock,True,True
ECB_20090305,2009-03-05,2009Q1,gfc,3.208023901652355,-2.272457278318138,1.65000000000001,0.5,0.2286596424686319,3.208023901652355,0.5,0.2286596424686319,positive,positive,positive,possible_information_shock,True,True
ECB_20090402,2009-04-02,2009Q2,gfc,4.985190957130369,2.937428339346684,7.400000000000009,6.19999999999999,-0.0510608946750146,4.985190957130369,6.19999999999999,-0.0510608946750146,positive,positive,negative,possible_pure_monetary_shock,False,True
ECB_20090507,2009-05-07,2009Q2,gfc,-1.169549155758193,-0.8864105481343921,-1.0,-2.1,-0.2922215352481489,-1.169549155758193,-2.1,-0.2922215352481489,negative,negative,negative,possible_information_shock,True,True
ECB_20090604,2009-06-04,2009Q2,gfc,0.7109437598756242,0.1899815514885921,0.2,3.85,0.0120242890783828,0.7109437598756242,3.85,0.0120242890783828,positive,positive,positive,possible_information_shock,True,True
ECB_20090702,2009-07-02,2009Q3,gfc,1.6486223866343408,-6.358317665390605,-2.85,-5.90000000000001,-1.66959763168348,1.6486223866343408,-5.90000000000001,-1.66959763168348,positive,negative,negative,mixed_sign_factor_yield_conflict,True,True
ECB_20090806,2009-08-06,2009Q3,gfc,0.0999583352383328,-2.5138487900533577,-1.1,0.5,-0.0954478917656765,0.0999583352383328,0.5,-0.0954478917656765,positive,positive,negative,possible_pure_monetary_shock,False,True
ECB_20090903,2009-09-03,2009Q3,gfc,-0.7775409984222543,-2.351830900663121,-1.45,-4.100000000000001,-0.219099207942719,-0.7775409984222543,-4.100000000000001,-0.219099207942719,negative,negative,negative,possible_information_shock,True,True
ECB_20091008,2009-10-08,2009Q4,gfc,-0.3069823293157658,-0.3901566635814254,-1.0,-2.15,-0.173400424928793,-0.3069823293157658,-2.15,-0.173400424928793,negative,negative,negative,possible_information_shock,True,True
ECB_20091105,2009-11-05,2009Q4,gfc,-0.899119812236331,-2.0182496047078797,-1.0,-1.8,0.807551135358597,-0.899119812236331,-1.8,0.807551135358597,negative,negative,positive,possible_pure_monetary_shock,False,True
ECB_20091203,2009-12-03,2009Q4,gfc,-1.0738930756020433,-5.23083374038625,-3.2,-3.5,0.314817376122178,-1.0738930756020433,-3.5,0.314817376122178,negative,negative,positive,possible_pure_monetary_shock,False,True
ECB_20100114,2010-01-14,2010Q1,euro_crisis,-0.641495359629291,0.1442476692043024,0.1,-1.1,-0.181830713177078,-0.641495359629291,-1.1,-0.181830713177078,negative,negative,negative,possible_information_shock,True,True
ECB_20100204,2010-02-04,2010Q1,euro_crisis,-0.2147663795798842,-0.0793296195337067,-0.05,-0.5,-0.9575063063429028,-0.2147663795798842,-0.5,-0.9575063063429028,negative,negative,negative,possible_information_shock,True,True
ECB_20100304,2010-03-04,2010Q1,euro_crisis,-0.4165158513683266,-1.409650965894452,-0.35,-2.05,0.307755207621874,-0.4165158513683266,-2.05,0.307755207621874,negative,negative,positive,possible_pure_monetary_shock,False,True
ECB_20100408,2010-04-08,2010Q2,euro_crisis,-0.6030447122135487,1.009298774485787,-0.3,0.900000000000001,-0.10028072619539,-0.6030447122135487,0.900000000000001,-0.10028072619539,negative,positive,negative,mixed_sign_factor_yield_conflict,True,True
ECB_20100506,2010-05-06,2010Q2,euro_crisis,-0.229950668836787,1.0724907736056015,0.2,1.15,-0.6927717142869659,-0.229950668836787,1.15,-0.6927717142869659,negative,positive,negative,mixed_sign_factor_yield_conflict,True,True
ECB_20100610,2010-06-10,2010Q2,euro_crisis,0.8908574642782265,-1.630702140937389,0.2,-0.800000000000001,0.6878143641960929,0.8908574642782265,-0.800000000000001,0.6878143641960929,positive,negative,positive,mixed_sign_factor_yield_conflict,True,True
ECB_20100708,2010-07-08,2010Q3,euro_crisis,0.2303972378098981,3.0773573413543063,1.8,4.65,0.5767909055502509,0.2303972378098981,4.65,0.5767909055502509,positive,positive,positive,possible_information_shock,True,True
ECB_20100805,2010-08-05,2010Q3,euro_crisis,-0.1231639959727071,0.1800817751593715,-0.3,-0.8499999999999949,-0.6018730122362649,-0.1231639959727071,-0.8499999999999949,-0.6018730122362649,negative,negative,negative,possible_information_shock,True,True
ECB_20100902,2010-09-02,2010Q3,euro_crisis,-0.1301827440263123,-0.9407342268663492,-0.900000000000001,-1.1,-0.118663756991477,-0.1301827440263123,-1.1,-0.118663756991477,negative,negative,negative,possible_information_shock,True,True
ECB_20101007,2010-10-07,2010Q4,euro_crisis,-0.0114125371091204,0.6344167401864867,0.5,-0.4,0.0691707954803,-0.0114125371091204,-0.4,0.0691707954803,negative,negative,positive,possible_pure_monetary_shock,False,True
ECB_20101104,2010-11-04,2010Q4,euro_crisis,-0.6150251436063651,-0.5178464262538792,0.0,-0.700000000000001,-0.124715076894244,-0.6150251436063651,-0.700000000000001,-0.124715076894244,negative,negative,negative,possible_information_shock,True,True
ECB_20101202,2010-12-02,2010Q4,euro_crisis,-0.2305052762889414,-2.7418371106737514,-0.6000000000000009,-2.8,-0.287375382852861,-0.2305052762889414,-2.8,-0.287375382852861,negative,negative,negative,possible_information_shock,True,True
ECB_20110113,2011-01-13,2011Q1,euro_crisis,-0.3729854256310003,-0.1785986840685068,0.650000000000006,3.3,-0.0161646733454646,-0.3729854256310003,3.3,-0.0161646733454646,negative,positive,negative,mixed_sign_factor_yield_conflict,True,True
ECB_20110203,2011-02-03,2011Q1,euro_crisis,-0.6693178775125442,-1.8755458016916688,-0.8499999999999949,-3.4,0.158118655338946,-0.6693178775125442,-3.4,0.158118655338946,negative,negative,positive,possible_pure_monetary_shock,False,True
ECB_20110303,2011-03-03,2011Q1,euro_crisis,-0.4587178309915349,10.275713094980782,1.05000000000001,12.9,-0.157459333306953,-0.4587178309915349,12.9,-0.157459333306953,negative,positive,negative,mixed_sign_factor_yield_conflict,True,True
ECB_20110407,2011-04-07,2011Q2,euro_crisis,0.8177778880332357,1.2913530217766251,1.5,1.30000000000001,0.342264608402143,0.8177778880332357,1.30000000000001,0.342264608402143,positive,positive,positive,possible_information_shock,True,True
ECB_20110505,2011-05-05,2011Q2,euro_crisis,-1.0350306688131798,-6.0045075745811305,-2.25,-10.2,0.226453328699172,-1.0350306688131798,-10.2,0.226453328699172,negative,negative,positive,possible_pure_monetary_shock,False,True
ECB_20110609,2011-06-09,2011Q2,euro_crisis,-0.3234102581286034,1.0283370920187156,-0.299999999999989,-1.69999999999999,0.2065422702864689,-0.3234102581286034,-1.69999999999999,0.2065422702864689,negative,negative,positive,possible_pure_monetary_shock,False,True
ECB_20110707,2011-07-07,2011Q3,euro_crisis,0.0869725772545715,0.4582749201174692,1.0,1.10000000000001,0.645466470627998,0.0869725772545715,1.10000000000001,0.645466470627998,positive,positive,positive,possible_information_shock,True,True
ECB_20110804,2011-08-04,2011Q3,euro_crisis,0.0723773582874568,-11.670074678778048,-7.399999999999979,-14.0,-1.19662957846849,0.0723773582874568,-14.0,-1.19662957846849,positive,negative,negative,mixed_sign_factor_yield_conflict,True,True
ECB_20110908,2011-09-08,2011Q3,euro_crisis,1.8822512764885695,1.5317136044734865,3.4,-1.1,-0.345565513869506,1.8822512764885695,-1.1,-0.345565513869506,positive,negative,negative,mixed_sign_factor_yield_conflict,True,True
ECB_20111006,2011-10-06,2011Q4,euro_crisis,11.243244929595717,1.296897812921039,12.7,11.5,-0.874495698297029,11.243244929595717,11.5,-0.874495698297029,positive,positive,negative,possible_pure_monetary_shock,False,True
ECB_20111103,2011-11-03,2011Q4,euro_crisis,-13.660896282179626,0.3062837197217668,-13.75,-8.05,0.167902536674891,-13.660896282179626,-8.05,0.167902536674891,negative,negative,positive,possible_pure_monetary_shock,False,True
ECB_20111208,2011-12-08,2011Q4,euro_crisis,2.1162799814119517,-3.0328692249502205,1.9,-1.3,-1.14186082996621,2.1162799814119517,-1.3,-1.14186082996621,positive,negative,negative,mixed_sign_factor_yield_conflict,True,True
ECB_20120112,2012-01-12,2012Q1,euro_crisis,-0.5143012359237352,-0.3727344592622109,-0.3,-0.3,-0.855914502238875,-0.5143012359237352,-0.3,-0.855914502238875,negative,negative,negative,possible_information_shock,True,True
ECB_20120209,2012-02-09,2012Q1,euro_crisis,-0.2131508831406245,0.1366938134812489,0.25,-0.25,0.464658734617274,-0.2131508831406245,-0.25,0.464658734617274,negative,negative,positive,possible_pure_monetary_shock,False,True
ECB_20120308,2012-03-08,2012Q1,euro_crisis,0.0204093040153029,-0.1041833666452423,-0.1,-0.1,-0.23682095091635,0.0204093040153029,-0.1,-0.23682095091635,positive,negative,negative,mixed_sign_factor_yield_conflict,True,True
ECB_20120404,2012-04-04,2012Q2,euro_crisis,-0.7098369474364695,0.0878765931834969,-0.2,0.2,-0.2017664526837489,-0.7098369474364695,0.2,-0.2017664526837489,negative,positive,negative,mixed_sign_factor_yield_conflict,True,True
ECB_20120503,2012-05-03,2012Q2,euro_crisis,0.0477131275486181,1.0959755922007244,0.700000000000001,1.2,-1.05730906443915,0.0477131275486181,1.2,-1.05730906443915,positive,positive,negative,possible_pure_monetary_shock,False,True
ECB_20120606,2012-06-06,2012Q2,euro_crisis,1.2523662523248484,0.7050020594636024,1.9,2.2,-0.620527275185268,1.2523662523248484,2.2,-0.620527275185268,positive,positive,negative,possible_pure_monetary_shock,False,True
ECB_20120705,2012-07-05,2012Q3,euro_crisis,-10.94354523737542,0.5973504343136197,-9.8,-8.1,-1.55924455878518,-10.94354523737542,-8.1,-1.55924455878518,negative,negative,negative,possible_information_shock,True,True
ECB_20120802,2012-08-02,2012Q3,euro_crisis,0.6990611620444949,0.7447520263739803,2.5,2.1,-2.76954372443159,0.6990611620444949,2.1,-2.76954372443159,positive,positive,negative,possible_pure_monetary_shock,False,True
ECB_20120906,2012-09-06,2012Q3,euro_crisis,0.6306937009486657,-0.2037110988867894,0.6999999999999988,0.0,1.15497068951793,0.6306937009486657,0.0,1.15497068951793,positive,zero,positive,ambiguous_zero_response,True,True
ECB_20121004,2012-10-04,2012Q4,euro_crisis,0.3341755971415536,0.6326013471030244,0.3,0.4999999999999988,-0.0971934466925006,0.3341755971415536,0.4999999999999988,-0.0971934466925006,positive,positive,negative,possible_pure_monetary_shock,False,True
ECB_20121108,2012-11-08,2012Q4,euro_crisis,0.0785695734820002,0.8913652473769805,0.5999999999999989,1.1,-0.0376311590433609,0.0785695734820002,1.1,-0.0376311590433609,positive,positive,negative,possible_pure_monetary_shock,False,True
ECB_20121206,2012-12-06,2012Q4,euro_crisis,-0.1796696802966657,-0.2011212186260934,0.1,-0.7,-0.0176918314198637,-0.1796696802966657,-0.7,-0.0176918314198637,negative,negative,negative,possible_information_shock,True,True
ECB_20130110,2013-01-10,2013Q1,euro_crisis,-0.1965944858719583,0.5645511477825115,0.2999999999999989,1.4,0.332287413595012,-0.1965944858719583,1.4,0.332287413595012,negative,positive,positive,mixed_sign_factor_yield_conflict,True,True
ECB_20130207,2013-02-07,2013Q1,euro_crisis,-0.5400830729831683,0.0656477786460329,0.0,-1.3,-0.049772888481936,-0.5400830729831683,-1.3,-0.049772888481936,negative,negative,negative,possible_information_shock,True,True
ECB_20130307,2013-03-07,2013Q1,euro_crisis,-0.2502439167130938,0.2393756699973978,0.0,1.4,-0.0606149648268328,-0.2502439167130938,1.4,-0.0606149648268328,negative,positive,negative,mixed_sign_factor_yield_conflict,True,True
ECB_20130404,2013-04-04,2013Q2,euro_crisis,-0.3365307285455501,0.1019793477628502,0.0,-0.2,-0.8261069683061169,-0.3365307285455501,-0.2,-0.8261069683061169,negative,negative,negative,possible_information_shock,True,True
ECB_20130502,2013-05-02,2013Q2,euro_crisis,-0.2966907274953695,-0.4372546430678353,-0.3,-1.0,0.0036893289852457,-0.2966907274953695,-1.0,0.0036893289852457,negative,negative,positive,possible_pure_monetary_shock,False,True
ECB_20130606,2013-06-06,2013Q2,euro_crisis,0.1965063452010152,-0.3561721183648259,0.4999999999999988,1.6,-0.7404903366272639,0.1965063452010152,1.6,-0.7404903366272639,positive,positive,negative,possible_pure_monetary_shock,False,True
ECB_20130704,2013-07-04,2013Q3,euro_crisis,-0.3654420939211555,0.0864251118275455,-0.5,-1.5,1.60533889301364,-0.3654420939211555,-1.5,1.60533889301364,negative,negative,positive,possible_pure_monetary_shock,False,True
ECB_20130801,2013-08-01,2013Q3,euro_crisis,-0.4200890668766807,-0.6309897671483825,0.0,0.700000000000001,0.222118586710174,-0.4200890668766807,0.700000000000001,0.222118586710174,negative,positive,positive,mixed_sign_factor_yield_conflict,True,True
ECB_20130905,2013-09-05,2013Q3,euro_crisis,-0.2059793327714957,-0.1714766188579363,-0.3,-0.4999999999999988,0.119633884026715,-0.2059793327714957,-0.4999999999999988,0.119633884026715,negative,negative,positive,possible_pure_monetary_shock,False,True
ECB_20131002,2013-10-02,2013Q4,euro_crisis,-0.2266159225782595,0.163709153948931,0.1,0.1,-0.2013540709679519,-0.2266159225782595,0.1,-0.2013540709679519,negative,positive,negative,mixed_sign_factor_yield_conflict,True,True
ECB_20131107,2013-11-07,2013Q4,euro_crisis,-0.9642463858571996,-0.2750410250147889,-0.3,-1.0,0.922527796492822,-0.9642463858571996,-1.0,0.922527796492822,negative,negative,positive,possible_pure_monetary_shock,False,True
ECB_20131205,2013-12-05,2013Q4,euro_crisis,0.0059078054083104,0.9950296301653434,0.800000000000001,1.0,-0.346216518112818,0.0059078054083104,1.0,-0.346216518112818,positive,positive,negative,possible_pure_monetary_shock,False,True
ECB_20140109,2014-01-09,2014Q1,euro_crisis,-0.339459905277658,-0.2090637580010508,-0.3,-0.5,-0.351263273130797,-0.339459905277658,-0.5,-0.351263273130797,negative,negative,negative,possible_information_shock,True,True
ECB_20140206,2014-02-06,2014Q1,euro_crisis,0.2099546133414228,3.095768948188488,2.6,3.3,0.0241025161514585,0.2099546133414228,3.3,0.0241025161514585,positive,positive,positive,possible_information_shock,True,True
ECB_20140306,2014-03-06,2014Q1,euro_crisis,0.7025267788223649,3.940284014721749,3.9,2.75,-0.320062253482334,0.7025267788223649,2.75,-0.320062253482334,positive,positive,negative,possible_pure_monetary_shock,False,True
ECB_20140403,2014-04-03,2014Q2,euro_crisis,0.5420984271051739,1.5498728865532327,2.3,1.5,0.7940190968929169,0.5420984271051739,1.5,0.7940190968929169,positive,positive,positive,possible_information_shock,True,True
ECB_20140508,2014-05-08,2014Q2,euro_crisis,1.658500641531338,0.4812985207880338,3.5,-0.700000000000001,0.2403269601799709,1.658500641531338,-0.700000000000001,0.2403269601799709,positive,negative,positive,mixed_sign_factor_yield_conflict,True,True
ECB_20140605,2014-06-05,2014Q2,euro_crisis,0.138566143343459,-5.5772226842257435,-4.0,-0.85,0.758521647014021,0.138566143343459,-0.85,0.758521647014021,positive,negative,positive,mixed_sign_factor_yield_conflict,True,True
ECB_20140703,2014-07-03,2014Q3,euro_crisis,-0.2806013518392048,0.2040338015495623,-0.2,-0.3,0.481366345706569,-0.2806013518392048,-0.3,0.481366345706569,negative,negative,positive,possible_pure_monetary_shock,False,True
ECB_20140807,2014-08-07,2014Q3,euro_crisis,-0.49078880152261,0.1591894356612353,-0.1,0.3,0.0183792157843142,-0.49078880152261,0.3,0.0183792157843142,negative,positive,positive,mixed_sign_factor_yield_conflict,True,True
ECB_20140904,2014-09-04,2014Q3,euro_crisis,-6.237604501896674,0.996674344395132,-5.600000000000001,-5.3,0.994292288364384,-6.237604501896674,-5.3,0.994292288364384,negative,negative,positive,possible_pure_monetary_shock,False,True
ECB_20141002,2014-10-02,2014Q4,euro_crisis,-0.3758322969890151,0.8873769372304838,0.7999999999999989,0.2,-1.6111924196748,-0.3758322969890151,0.2,-1.6111924196748,negative,positive,negative,mixed_sign_factor_yield_conflict,True,True
ECB_20141106,2014-11-06,2014Q4,euro_crisis,-0.0858242316345797,0.5380397648749047,0.65,0.2,1.19355647700861,-0.0858242316345797,0.2,1.19355647700861,negative,positive,positive,mixed_sign_factor_yield_conflict,True,True
ECB_20141204,2014-12-04,2014Q4,euro_crisis,-0.6304874246055073,0.732797026793549,0.15,0.8999999999999999,-1.63189595075242,-0.6304874246055073,0.8999999999999999,-1.63189595075242,negative,positive,negative,mixed_sign_factor_yield_conflict,True,True
ECB_20150122,2015-01-22,2015Q1,qe_era,-0.0320421539649692,-1.5183321015779832,-0.18,-0.639999999999999,0.4844500696332689,-0.0320421539649692,-0.639999999999999,0.4844500696332689,negative,negative,positive,possible_pure_monetary_shock,False,True
ECB_20150305,2015-03-05,2015Q1,qe_era,-1.3212096734490912,-1.5300618962387234,-0.8,0.0,-0.0658903807275735,-1.3212096734490912,0.0,-0.0658903807275735,negative,zero,negative,ambiguous_zero_response,True,True
ECB_20150415,2015-04-15,2015Q2,qe_era,0.7158292878944661,-0.1887114772660532,1.05,0.2950000000000009,0.149348759673984,0.7158292878944661,0.2950000000000009,0.149348759673984,positive,positive,positive,possible_information_shock,True,True
ECB_20150603,2015-06-03,2015Q2,qe_era,-0.6611437015251619,0.9347099702011218,0.0050000000000008,0.214999999999999,-0.319661970526575,-0.6611437015251619,0.214999999999999,-0.319661970526575,negative,positive,negative,mixed_sign_factor_yield_conflict,True,True
ECB_20150716,2015-07-16,2015Q3,qe_era,-0.3383422608873778,0.3053361916669614,-0.0050000000000008,0.0950000000000006,0.0554046727915035,-0.3383422608873778,0.0950000000000006,0.0554046727915035,negative,positive,positive,mixed_sign_factor_yield_conflict,True,True
ECB_20150903,2015-09-03,2015Q3,qe_era,-0.3497594701893211,0.2896007029379512,-0.109999999999999,-0.1,0.9635311983673838,-0.3497594701893211,-0.1,0.9635311983673838,negative,negative,positive,possible_pure_monetary_shock,False,True
ECB_20151022,2015-10-22,2015Q4,qe_era,-0.2905680662827565,-1.130530233290454,0.0,-2.475,2.0069357381212094,-0.2905680662827565,-2.475,2.0069357381212094,negative,negative,positive,possible_pure_monetary_shock,False,True
ECB_20151203,2015-12-03,2015Q4,qe_era,4.895670146087963,1.588660156691507,5.175,8.125,-3.64585351797242,4.895670146087963,8.125,-3.64585351797242,positive,positive,negative,possible_pure_monetary_shock,False,True
ECB_20160121,2016-01-21,2016Q1,qe_era,0.4795436521151062,-1.5935692188383304,0.689999999999999,-2.56,0.400713909185058,0.4795436521151062,-2.56,0.400713909185058,positive,negative,positive,mixed_sign_factor_yield_conflict,True,True
ECB_20160310,2016-03-10,2016Q1,qe_era,1.4223687027099785,-0.3549808396338674,2.585,4.05,0.6886337601569539,1.4223687027099785,4.05,0.6886337601569539,positive,positive,positive,possible_information_shock,True,True
ECB_20160421,2016-04-21,2016Q2,qe_era,-0.3492658881465956,0.3229244766856814,0.0,0.3,-0.248670697023989,-0.3492658881465956,0.3,-0.248670697023989,negative,positive,negative,mixed_sign_factor_yield_conflict,True,True
ECB_20160602,2016-06-02,2016Q2,qe_era,-0.3891573776188795,-0.557983751881824,0.0,0.0,-0.4516952803768959,-0.3891573776188795,0.0,-0.4516952803768959,negative,zero,negative,ambiguous_zero_response,True,True
ECB_20160721,2016-07-21,2016Q3,qe_era,0.1398609320367525,3.333144810662815,0.265000000000004,0.255,0.268560697187237,0.1398609320367525,0.255,0.268560697187237,positive,positive,positive,possible_information_shock,True,True
ECB_20160908,2016-09-08,2016Q3,qe_era,0.1648766883653321,0.1479043768192402,0.999999999999995,0.900000000000001,-0.706778671544051,0.1648766883653321,0.900000000000001,-0.706778671544051,positive,positive,negative,possible_pure_monetary_shock,False,True
ECB_20161020,2016-10-20,2016Q4,qe_era,-0.2920680343648117,-0.1704458475051896,0.0,-0.0049999999999994,0.098839863016309,-0.2920680343648117,-0.0049999999999994,0.098839863016309,negative,negative,positive,possible_pure_monetary_shock,False,True
ECB_20161208,2016-12-08,2016Q4,qe_era,0.1691507915304835,0.4399717031500111,0.0,-0.0850000000000017,0.761089152288008,0.1691507915304835,-0.0850000000000017,0.761089152288008,positive,negative,positive,mixed_sign_factor_yield_conflict,True,True
ECB_20170119,2017-01-19,2017Q1,qe_era,-0.4105442310217722,0.0093588208413247,0.0,0.0,0.353983744241937,-0.4105442310217722,0.0,0.353983744241937,negative,zero,positive,ambiguous_zero_response,True,True
ECB_20170309,2017-03-09,2017Q1,qe_era,-0.4392096585343724,-0.960609007249146,-0.465000000000004,0.2099999999999989,0.392688205950087,-0.4392096585343724,0.2099999999999989,0.392688205950087,negative,positive,positive,mixed_sign_factor_yield_conflict,True,True
ECB_20170427,2017-04-27,2017Q2,qe_era,-0.1920357971434694,0.1538692966514039,-0.645000000000001,-0.6000000000000009,0.0252352487292384,-0.1920357971434694,-0.6000000000000009,0.0252352487292384,negative,negative,positive,possible_pure_monetary_shock,False,True
ECB_20170608,2017-06-08,2017Q2,qe_era,-0.2694529487304556,0.2547767503349349,0.0,-0.1150012016296387,-0.1699910003637228,-0.2694529487304556,-0.1150012016296387,-0.1699910003637228,negative,negative,negative,possible_information_shock,True,True
ECB_20170720,2017-07-20,2017Q3,qe_era,-0.6766266990790301,-0.2131780818777752,-1.819998025894165,-0.7649987936019897,0.0560513035871679,-0.6766266990790301,-0.7649987936019897,0.0560513035871679,negative,negative,positive,possible_pure_monetary_shock,False,True
ECB_20170907,2017-09-07,2017Q3,qe_era,-0.6813687052294787,0.5198737414594597,0.0,-0.2000004053115845,0.0566490534406938,-0.6813687052294787,-0.2000004053115845,0.0566490534406938,negative,negative,positive,possible_pure_monetary_shock,False,True
ECB_20171026,2017-10-26,2017Q4,qe_era,-0.4583760680588817,-0.2446473391637698,0.0,0.3999978303909301,0.4000008442151425,-0.4583760680588817,0.3999978303909301,0.4000008442151425,negative,positive,positive,mixed_sign_factor_yield_conflict,True,True
ECB_20171214,2017-12-14,2017Q4,qe_era,0.5111780192826924,-0.2526179821346739,0.0200003385543823,0.0,0.1986147480257826,0.5111780192826924,0.0,0.1986147480257826,positive,zero,positive,ambiguous_zero_response,True,True
ECB_20180125,2018-01-25,2018Q1,qe_era,-0.3994160264772373,-0.0627171918430855,0.0,0.1000016927719115,-0.6068287805204519,-0.3994160264772373,0.1000016927719115,-0.6068287805204519,negative,positive,negative,mixed_sign_factor_yield_conflict,True,True
ECB_20180308,2018-03-08,2018Q1,qe_era,-0.0746777413915929,0.1712652623084763,-0.180000066757202,0.4999995231628418,0.6628023649293268,-0.0746777413915929,0.4999995231628418,0.6628023649293268,negative,positive,positive,mixed_sign_factor_yield_conflict,True,True
ECB_20180426,2018-04-26,2018Q2,qe_era,-0.3651124176780655,0.5426388379990164,0.0,0.0,-0.1231149814634236,-0.3651124176780655,0.0,-0.1231149814634236,negative,zero,negative,ambiguous_zero_response,True,True
ECB_20180614,2018-06-14,2018Q2,qe_era,-1.3738234866240369,0.5705709790241871,-0.580000877380371,-0.6050020456314086,1.240829426567025,-1.3738234866240369,-0.6050020456314086,1.240829426567025,negative,negative,positive,possible_pure_monetary_shock,False,True
ECB_20180726,2018-07-26,2018Q3,qe_era,-0.2375293949809882,0.0528624150689853,0.0,0.0,0.2358914224146247,-0.2375293949809882,0.0,0.2358914224146247,negative,zero,positive,ambiguous_zero_response,True,True
ECB_20180913,2018-09-13,2018Q3,qe_era,-0.1581448339880816,-0.1450909724535264,0.0,-0.1700013875961304,-0.1869541905374916,-0.1581448339880816,-0.1700013875961304,-0.1869541905374916,negative,negative,negative,possible_information_shock,True,True
ECB_20181025,2018-10-25,2018Q4,qe_era,0.2923317121212647,-0.0591875957021961,-0.0299990177154541,-0.0399976968765258,-0.5988374321791667,0.2923317121212647,-0.0399976968765258,-0.5988374321791667,positive,negative,negative,mixed_sign_factor_yield_conflict,True,True
ECB_20181213,2018-12-13,2018Q4,qe_era,-0.8897529904224267,0.4431768086038738,0.0,0.0,0.1205560376723369,-0.8897529904224267,0.0,0.1205560376723369,negative,zero,positive,ambiguous_zero_response,True,True
ECB_20190124,2019-01-24,2019Q1,qe_era,-0.4442649495035358,0.3136095350438647,0.0,-0.2000004053115845,-0.6108713137747301,-0.4442649495035358,-0.2000004053115845,-0.6108713137747301,negative,negative,negative,possible_information_shock,True,True
ECB_20190307,2019-03-07,2019Q1,qe_era,-0.3401482299772675,-0.6123336569899231,-0.3600001335144043,-0.2000004053115845,-0.3616803745410734,-0.3401482299772675,-0.2000004053115845,-0.3616803745410734,negative,negative,negative,possible_information_shock,True,True
ECB_20190410,2019-04-10,2019Q2,qe_era,0.1664795705498798,-0.3817051882296478,-0.1450002193450928,-0.1499980688095093,0.0399349047151886,0.1664795705498798,-0.1499980688095093,0.0399349047151886,positive,negative,positive,mixed_sign_factor_yield_conflict,True,True
ECB_20190606,2019-06-06,2019Q2,qe_era,0.2214015738138896,0.7487535808936281,1.229998469352722,1.549997925758362,-0.5902570253255135,0.2214015738138896,1.549997925758362,-0.5902570253255135,positive,positive,negative,possible_pure_monetary_shock,False,True
ECB_20190725,2019-07-25,2019Q3,qe_era,2.800936066477867,1.0802895865441595,4.140002,2.19,-0.73933,2.800936066477867,2.19,-0.73933,positive,positive,negative,possible_pure_monetary_shock,False,True
ECB_20190912,2019-09-12,2019Q3,qe_era,2.3246556246376184,0.6567069008349834,4.095,5.499998,0.042317,2.3246556246376184,5.499998,0.042317,positive,positive,positive,possible_information_shock,True,True
ECB_20191024,2019-10-24,2019Q4,qe_era,-0.490877912005932,0.0796284335805854,0.040001,0.07,-0.2237099999999999,-0.490877912005932,0.07,-0.2237099999999999,negative,positive,negative,mixed_sign_factor_yield_conflict,True,True
ECB_20191212,2019-12-12,2019Q4,qe_era,-0.4023546273182724,0.4600046913578129,0.154999,0.150001,0.3328999999999999,-0.4023546273182724,0.150001,0.3328999999999999,negative,positive,positive,mixed_sign_factor_yield_conflict,True,True
ECB_20200123,2020-01-23,2020Q1,covid,-0.177247401544446,1.2928077807063392,0.0249981880187988,0.9000003337860107,-0.4705774570785691,-0.177247401544446,0.9000003337860107,-0.4705774570785691,negative,positive,negative,mixed_sign_factor_yield_conflict,True,True
ECB_20200312,2020-03-12,2020Q1,covid,11.128133952149565,-1.2818598187074497,10.569998621940607,8.605003356933594,-3.9846747071505826,11.128133952149565,8.605003356933594,-3.9846747071505826,positive,positive,negative,possible_pure_monetary_shock,False,True
ECB_20200430,2020-04-30,2020Q2,covid,1.518322954500687,0.4191184147917708,1.644998788833618,1.150000095367432,-1.1385433664615967,1.518322954500687,1.150000095367432,-1.1385433664615967,positive,positive,negative,possible_pure_monetary_shock,False,True
ECB_20200604,2020-06-04,2020Q2,covid,-0.0431289098690345,0.0779863250737823,0.0099986791610717,0.2700001001358032,0.0227421999305477,-0.0431289098690345,0.2700001001358032,0.0227421999305477,negative,positive,positive,mixed_sign_factor_yield_conflict,True,True
ECB_20200716,2020-07-16,2020Q3,covid,-0.5498373398977996,0.0829680741339703,-0.3149986267089843,-0.3300011157989502,0.2682750731960226,-0.5498373398977996,-0.3300011157989502,0.2682750731960226,negative,negative,positive,possible_pure_monetary_shock,False,True
ECB_20200910,2020-09-10,2020Q3,covid,0.959238986197994,-0.1542447518092617,1.399999856948853,0.1000016927719115,0.5051034060691961,0.959238986197994,0.1000016927719115,0.5051034060691961,positive,positive,positive,possible_information_shock,True,True
ECB_20201029,2020-10-29,2020Q4,covid,-0.4603667633243651,-0.1255586909820803,0.0,-0.9000003337860107,1.293737727494548,-0.4603667633243651,-0.9000003337860107,1.293737727494548,negative,negative,positive,possible_pure_monetary_shock,False,True
ECB_20201210,2020-12-10,2020Q4,covid,0.8545957325091036,0.1017974555223057,0.905001163482666,1.309999823570251,-0.6932292819939789,0.8545957325091036,1.309999823570251,-0.6932292819939789,positive,positive,negative,possible_pure_monetary_shock,False,True
ECB_20210121,2021-01-21,2021Q1,covid,-0.1486113995200473,0.6691149174098748,1.129999756813049,-0.1150012016296387,-0.3422752529653295,-0.1486113995200473,-0.1150012016296387,-0.3422752529653295,negative,negative,negative,possible_information_shock,True,True
ECB_20210311,2021-03-11,2021Q1,covid,-0.4268813087911449,1.7365792077911169,1.3749986886978147,0.4099994897842407,0.1077376277679675,-0.4268813087911449,0.4099994897842407,0.1077376277679675,negative,positive,positive,mixed_sign_factor_yield_conflict,True,True
ECB_20210422,2021-04-22,2021Q2,covid,-0.3865544898863715,-0.2452809383905816,-0.1000016927719115,-0.2999991178512573,-0.0833920671885479,-0.3865544898863715,-0.2999991178512573,-0.0833920671885479,negative,negative,negative,possible_information_shock,True,True
ECB_20210610,2021-06-10,2021Q2,covid,-0.2353257824339896,-1.0823511846791272,0.0550001859664917,-0.129997730255127,0.4746552055774345,-0.2353257824339896,-0.129997730255127,0.4746552055774345,negative,negative,positive,possible_pure_monetary_shock,False,True
ECB_20210722,2021-07-22,2021Q3,covid,-0.4258874203579586,0.2450634188492832,0.0250011682510376,-0.0699996948242187,-0.2345867660372036,-0.4258874203579586,-0.0699996948242187,-0.2345867660372036,negative,negative,negative,possible_information_shock,True,True
ECB_20210909,2021-09-09,2021Q3,covid,-0.3799173044315324,0.5729488583057022,-0.0950008630752563,-0.0300019979476928,0.465143772255594,-0.3799173044315324,-0.0300019979476928,0.465143772255594,negative,negative,positive,possible_pure_monetary_shock,False,True
ECB_20211028,2021-10-28,2021Q4,covid,1.0600212957629254,-0.5958423695764549,-0.0400006771087646,-0.1399993896484375,-0.2016710548765842,1.0600212957629254,-0.1399993896484375,-0.2016710548765842,positive,negative,negative,mixed_sign_factor_yield_conflict,True,True
ECB_20211216,2021-12-16,2021Q4,covid,-0.3770687016880058,0.4149214075502924,0.1049995422363281,-0.2750009298324585,-0.6867638916862262,-0.3770687016880058,-0.2750009298324585,-0.6867638916862262,negative,negative,negative,possible_information_shock,True,True
ECB_20220203,2022-02-03,2022Q1,covid,-0.6478982306084667,-2.325290197011659,0.090000033378601,1.124998927116394,-0.9679143587133509,-0.6478982306084667,1.124998927116394,-0.9679143587133509,negative,positive,negative,mixed_sign_factor_yield_conflict,True,True
ECB_20220310,2022-03-10,2022Q1,covid,-0.5281308630356653,-0.4234142161367256,0.0550001859664917,1.1649996042251587,-0.13615918320653,-0.5281308630356653,1.1649996042251587,-0.13615918320653,negative,positive,negative,mixed_sign_factor_yield_conflict,True,True
ECB_20220414,2022-04-14,2022Q2,covid,-0.5533271804435704,-0.6965202106914667,-0.4999995231628418,-3.899997472763062,0.2368300097812081,-0.5533271804435704,-3.899997472763062,0.2368300097812081,negative,negative,positive,possible_pure_monetary_shock,False,True
ECB_20220609,2022-06-09,2022Q2,covid,-2.2475367174515903,-1.628002920880053,-0.974997878074646,-1.22000016272068,-1.410962936362559,-2.2475367174515903,-1.22000016272068,-1.410962936362559,negative,negative,negative,possible_information_shock,True,True
ECB_20220721,2022-07-21,2022Q3,tightening_regime,3.8749305450934286,-1.175043175682217,2.594999969005585,11.21999621391296,0.119942578418808,3.8749305450934286,11.21999621391296,0.119942578418808,positive,positive,positive,possible_information_shock,True,True
ECB_20220908,2022-09-08,2022Q3,tightening_regime,6.364656752131255,2.6867681968598744,6.415003538131714,10.19999980926514,-0.2238043589372296,6.364656752131255,10.19999980926514,-0.2238043589372296,positive,positive,negative,possible_pure_monetary_shock,False,True
ECB_20221027,2022-10-27,2022Q4,tightening_regime,2.6286436776587867,-0.2085247026860512,1.760005950927734,-5.679988861083984,0.6422073879710055,2.6286436776587867,-5.679988861083984,0.6422073879710055,positive,negative,positive,mixed_sign_factor_yield_conflict,True,True
ECB_20221215,2022-12-15,2022Q4,tightening_regime,-4.847528766390746,0.1155700143844007,-4.774999618530273,5.769991874694824,-2.179502960808222,-4.847528766390746,5.769991874694824,-2.179502960808222,negative,positive,negative,mixed_sign_factor_yield_conflict,True,True
ECB_20230202,2023-02-02,2023Q1,tightening_regime,0.5695400695596392,-0.9748817940887854,1.440000534057617,-2.7849912643432626,0.5578449182012335,0.5695400695596392,-2.7849912643432626,0.5578449182012335,positive,negative,positive,mixed_sign_factor_yield_conflict,True,True
ECB_20230316,2023-03-16,2023Q1,tightening_regime,21.12181751442461,-0.9906023286807264,19.49999332427979,14.99998569488525,1.1487314917294713,21.12181751442461,14.99998569488525,1.1487314917294713,positive,positive,positive,possible_information_shock,True,True
ECB_20230504,2023-05-04,2023Q2,tightening_regime,-4.974566264316049,-0.0788425182074396,-4.449987411499023,-6.369996070861816,0.506972788081228,-4.974566264316049,-6.369996070861816,0.506972788081228,negative,negative,positive,possible_pure_monetary_shock,False,True
ECB_20230615,2023-06-15,2023Q2,tightening_regime,-0.2958745185750393,0.4855730928645677,0.2500057220458983,1.990008354187012,0.1411535661070217,-0.2958745185750393,1.990008354187012,0.1411535661070217,negative,positive,positive,mixed_sign_factor_yield_conflict,True,True
ECB_20230727,2023-07-27,2023Q3,tightening_regime,-0.2708263929882737,-0.7711590064534531,-0.0900030136108398,-2.09500789642334,0.5779066195332305,-0.2708263929882737,-2.09500789642334,0.5779066195332305,negative,negative,positive,possible_pure_monetary_shock,False,True
ECB_20230914,2023-09-14,2023Q3,tightening_regime,7.152819182041956,0.3964263858387034,7.579994201660157,4.885005950927734,1.0205782815340567,7.152819182041956,4.885005950927734,1.0205782815340567,positive,positive,positive,possible_information_shock,True,True
ECB_20231026,2023-10-26,2023Q4,tightening_regime,-1.2964207953174287,0.6250408573600751,-0.7250070571899414,-1.459980010986328,0.472046352170885,-1.2964207953174287,-1.459980010986328,0.472046352170885,negative,negative,positive,possible_pure_monetary_shock,False,True
ECB_20231214,2023-12-14,2023Q4,tightening_regime,-0.0451340367356432,1.493570946182903,0.1250028610229491,2.80001163482666,-0.5955029218173405,-0.0451340367356432,2.80001163482666,-0.5955029218173405,negative,positive,negative,mixed_sign_factor_yield_conflict,True,True
ECB_20240125,2024-01-25,2024Q1,tightening_regime,-0.4174942260947181,-0.0864864952492908,-0.0949859619140625,-4.134988784790039,0.7310656612515471,-0.4174942260947181,-4.134988784790039,0.7310656612515471,negative,negative,positive,possible_pure_monetary_shock,False,True
ECB_20240307,2024-03-07,2024Q1,tightening_regime,0.1875702704546211,1.3788339245887562,0.2700090408325194,-0.6800174713134765,0.7169133955453516,0.1875702704546211,-0.6800174713134765,0.7169133955453516,positive,negative,positive,mixed_sign_factor_yield_conflict,True,True
ECB_20240411,2024-04-11,2024Q2,tightening_regime,-0.1047174438156598,0.2737189787225029,0.3199815750122069,0.0,0.224505349778961,-0.1047174438156598,0.0,0.224505349778961,negative,zero,positive,ambiguous_zero_response,True,True
ECB_20240606,2024-06-06,2024Q2,tightening_regime,-0.4707849265710285,0.1890445788445943,-0.0550270080566406,1.990008354187012,-0.2041913333386511,-0.4707849265710285,1.990008354187012,-0.2041913333386511,negative,positive,negative,mixed_sign_factor_yield_conflict,True,True
ECB_20240718,2024-07-18,2024Q3,tightening_regime,-0.0804389446844049,0.313318786438203,0.2150297164916991,-0.4799842834472656,0.107337736831363,-0.0804389446844049,-0.4799842834472656,0.107337736831363,negative,negative,positive,possible_pure_monetary_shock,False,True
ECB_20240912,2024-09-12,2024Q3,tightening_regime,-0.4063457371127781,2.006063314052821,0.0299930572509765,1.999998092651367,-0.7621695025977239,-0.4063457371127781,1.999998092651367,-0.7621695025977239,negative,positive,negative,mixed_sign_factor_yield_conflict,True,True
ECB_20241017,2024-10-17,2024Q4,tightening_regime,-0.9548457585158988,-1.6372787903347277,-0.690007209777832,-3.499984741210938,0.1332016810589435,-0.9548457585158988,-3.499984741210938,0.1332016810589435,negative,negative,positive,possible_pure_monetary_shock,False,True
ECB_20241212,2024-12-12,2024Q4,tightening_regime,1.1044570294062823,0.5918179885776172,1.199960708618164,2.399992942810059,0.2452823487159197,1.1044570294062823,2.399992942810059,0.2452823487159197,positive,positive,positive,possible_information_shock,True,True
ECB_20250130,2025-01-30,2025Q1,tightening_regime,-0.3773678484257093,-0.4922906054173506,0.0,-1.799988746643066,0.0115749391483512,-0.3773678484257093,-1.799988746643066,0.0115749391483512,negative,negative,positive,possible_pure_monetary_shock,False,True
ECB_20250306,2025-03-06,2025Q1,tightening_regime,-0.5263345801908061,-0.8080078168494226,-0.1999855041503906,2.499985694885254,0.4407927656254911,-0.5263345801908061,2.499985694885254,0.4407927656254911,negative,positive,positive,mixed_sign_factor_yield_conflict,True,True
ECB_20250417,2025-04-17,2025Q2,tightening_regime,-0.8251116141352567,-1.0640425789156829,-0.6999969482421875,-5.699992179870605,0.1266447536063889,-0.8251116141352567,-5.699992179870605,0.1266447536063889,negative,negative,positive,possible_pure_monetary_shock,False,True
ECB_20250605,2025-06-05,2025Q2,tightening_regime,-2.7139711882436193,1.083970575400644,-2.500009536743164,2.799999713897705,-0.4697474829869329,-2.7139711882436193,2.799999713897705,-0.4697474829869329,negative,positive,negative,mixed_sign_factor_yield_conflict,True,True
ECB_20250724,2025-07-24,2025Q3,tightening_regime,-0.1329645747340561,1.210442090370551,0.2000093460083008,2.300000190734863,-0.391524020930951,-0.1329645747340561,2.300000190734863,-0.391524020930951,negative,positive,negative,mixed_sign_factor_yield_conflict,True,True
ECB_20250911,2025-09-11,2025Q3,tightening_regime,-0.3859965340053088,-1.4951812831924292,-0.5000114440917968,-1.150000095367432,0.2722034837643795,-0.3859965340053088,-1.150000095367432,0.2722034837643795,negative,negative,positive,possible_pure_monetary_shock,False,True
ECB_20251030,2025-10-30,2025Q4,tightening_regime,-0.368935345620773,0.6418485897340785,0.0,-0.0499963760375976,0.3531982758976264,-0.368935345620773,-0.0499963760375976,0.3531982758976264,negative,negative,positive,possible_pure_monetary_shock,False,True
